Plot,ID,Column,Line
OL5,1,1,1
OL5,2,,
OL5,3,,
OL5,4,,
OL5,5,,
OL5,6,,
OL5,7,,
OL5,8,,
OL5,9,,
OL5,10,,
OL5,11,,
OL5,12,,
OL5,13,,
OL5,14,,
OL5,15,,
OL5,16,,
OL5,17,,
OL5,18,,
OL5,19,,
OL5,20,,
OL5,21,,
OL5,22,,
OL5,23,,
OL5,24,,
OL5,25,,
OL5,26,,
OL5,27,,
OL5,28,,
OL5,29,,
OL5,30,,
OL5,31,,
OL5,32,,
OL5,33,,
OL5,34,,
OL5,35,,
OL5,36,,
OL5,37,,
OL5,38,,
OL5,39,,
OL5,40,,
OL5,41,1,1
OL5,42,,
OL5,43,,
OL5,44,,
OL5,45,,
OL5,46,,
OL5,47,,
OL5,48,,
OL5,49,,
OL5,50,,
OL5,51,,
OL5,52,,
OL5,53,,
OL5,54,,
OL5,55,,
OL5,56,,
OL5,57,,
OL5,58,,
OL5,59,,
OL5,60,,
OL5,61,,
OL5,62,,
OL5,63,,
OL5,64,,
OL5,65,,
OL5,66,,
OL5,67,,
OL5,68,,
OL5,69,,
OL5,70,,
OL5,71,,
OL5,72,,
OL5,73,,
OL5,74,,
OL5,75,,
OL5,76,,
OL5,77,,
OL5,78,,
OL5,79,,
OL5,80,,
OL5,81,1,1
OL5,82,,
OL5,83,,
OL5,84,,
OL5,85,,
OL5,86,,
OL5,87,,
OL5,88,,
OL5,89,,
OL5,90,,
OL5,91,,
OL5,92,,
OL5,93,,
OL5,94,,
OL5,95,,
OL5,96,,
OL5,97,,
OL5,98,,
OL5,99,,
OL5,100,,
OL5,101,,
OL5,102,,
OL5,103,,
OL5,104,,
OL5,105,,
OL5,106,,
OL5,107,,
OL5,108,,
OL5,109,,
OL5,110,,
OL5,111,,
OL5,112,,
OL5,113,,
OL5,114,,
OL5,115,,
OL5,116,,
OL5,117,,
OL5,118,,
OL5,119,,
OL5,120,,
OL5,121,1,1
OL5,122,,
OL5,123,,
OL5,124,,
OL5,125,,
OL5,126,,
OL5,127,,
OL5,128,,
OL5,129,,
OL5,130,,
OL5,131,,
OL5,132,,
OL5,133,,
OL5,134,,
OL5,135,,
OL5,136,,
OL5,137,,
OL5,138,,
OL5,139,,
OL5,140,,
OL5,141,,
OL5,142,,
OL5,143,,
OL5,144,,
OL5,145,,
OL5,146,,
OL5,147,,
OL5,148,,
OL5,149,,
OL5,150,,
OL5,151,,
OL5,152,,
OL5,153,,
OL5,154,,
OL5,155,,
OL5,156,,
OL5,157,,
OL5,158,,
OL5,159,,
OL5,160,,
OL5,161,1,1
OL5,162,,
OL5,163,,
OL5,164,,
OL5,165,,
OL5,166,,
OL5,167,,
OL5,168,,
OL5,169,,
OL5,170,,
OL5,171,,
OL5,172,,
OL5,173,,
OL5,174,,
OL5,175,,
OL5,176,,
OL5,177,,
OL5,178,,
OL5,179,,
OL5,180,,
OL5,181,,
OL5,182,,
OL5,183,,
OL5,184,,
OL5,185,,
OL5,186,,
OL5,187,,
OL5,188,,
OL5,189,,
OL5,190,,
OL5,191,,
OL5,192,,
OL5,193,,
OL5,194,,
OL5,195,,
OL5,196,,
OL5,197,,
OL5,198,,
OL5,199,,
OL5,200,,
OL5,201,1,1
OL5,202,,
OL5,203,,
OL5,204,,
OL5,205,,
OL5,206,,
OL5,207,,
OL5,208,,
OL5,209,,
OL5,210,,
OL5,211,,
OL5,212,,
OL5,213,,
OL5,214,,
OL5,215,,
OL5,216,,
OL5,217,,
OL5,218,,
OL5,219,,
OL5,220,,
OL5,221,,
OL5,222,,
OL5,223,,
OL5,224,,
OL5,225,,
OL5,226,,
OL5,227,,
OL5,228,,
OL5,229,,
OL5,230,,
OL5,231,,
OL5,232,,
OL5,233,,
OL5,234,,
OL5,235,,
OL5,236,,
OL5,237,,
OL5,238,,
OL5,239,,
OL5,240,,
OL5,241,1,1
OL5,242,,
OL5,243,,
OL5,244,,
OL5,245,,
OL5,246,,
OL5,247,,
OL5,248,,
OL5,249,,
OL5,250,,
OL5,251,,
OL5,252,,
OL5,253,,
OL5,254,,
OL5,255,,
OL5,256,,
OL5,257,,
OL5,258,,
OL5,259,,
OL5,260,,
OL5,261,,
OL5,262,,
OL5,263,,
OL5,264,,
OL5,265,,
OL5,266,,
OL5,267,,
OL5,268,,
OL5,269,,
OL5,270,,
OL5,271,,
OL5,272,,
OL5,273,,
OL5,274,,
OL5,275,,
OL5,276,,
OL5,277,,
OL5,278,,
OL5,279,,
OL5,280,,
OL5,281,1,1
OL5,282,,
OL5,283,,
OL5,284,,
OL5,285,,
OL5,286,,
OL5,287,,
OL5,288,,
OL5,289,,
OL5,290,,
OL5,291,,
OL5,292,,
OL5,293,,
OL5,294,,
OL5,295,,
OL5,296,,
OL5,297,,
OL5,298,,
OL5,299,,
OL5,300,,
OL5,301,,
OL5,302,,
OL5,303,,
OL5,304,,
OL5,305,,
OL5,306,,
OL5,307,,
OL5,308,,
OL5,309,,
OL5,310,,
OL5,311,,
OL5,312,,
OL5,313,,
OL5,314,,
OL5,315,,
OL5,316,,
OL5,317,,
OL5,318,,
OL5,319,,
OL5,320,,
OL5,321,1,1
OL5,322,,
OL5,323,,
OL5,324,,
OL5,325,,
OL5,326,,
OL5,327,,
OL5,328,,
OL5,329,,
OL5,330,,
OL5,331,,
OL5,332,,
OL5,333,,
OL5,334,,
OL5,335,,
OL5,336,,
OL5,337,,
OL5,338,,
OL5,339,,
OL5,340,,
OL5,341,,
OL5,342,,
OL5,343,,
OL5,344,,
OL5,345,,
OL5,346,,
OL5,347,,
OL5,348,,
OL5,349,,
OL5,350,,
OL5,351,,
OL5,352,,
OL5,353,,
OL5,354,,
OL5,355,,
OL5,356,,
OL5,357,,
OL5,358,,
OL5,359,,
OL5,360,,
OL5,361,1,1
OL5,362,,
OL5,363,,
OL5,364,,
OL5,365,,
OL5,366,,
OL5,367,,
OL5,368,,
OL5,369,,
OL5,370,,
OL5,371,,
OL5,372,,
OL5,373,,
OL5,374,,
OL5,375,,
OL5,376,,
OL5,377,,
OL5,378,,
OL5,379,,
OL5,380,,
OL5,381,,
OL5,382,,
OL5,383,,
OL5,384,,
OL5,385,,
OL5,386,,
OL5,387,,
OL5,388,,
OL5,389,,
OL5,390,,
OL5,391,,
OL5,392,,
OL5,393,,
OL5,394,,
OL5,395,,
OL5,396,,
OL5,397,,
OL5,398,,
OL5,399,,
OL5,400,,
OL5,401,1,1
OL5,402,,
OL5,403,,
OL5,404,,
OL5,405,,
OL5,406,,
OL5,407,,
OL5,408,,
OL5,409,,
OL5,410,,
OL5,411,,
OL5,412,,
OL5,413,,
OL5,414,,
OL5,415,,
OL5,416,,
OL5,417,,
OL5,418,,
OL5,419,,
OL5,420,,
OL5,421,,
OL5,422,,
OL5,423,,
OL5,424,,
OL5,425,,
OL5,426,,
OL5,427,,
OL5,428,,
OL5,429,,
OL5,430,,
OL5,431,,
OL5,432,,
OL5,433,,
OL5,434,,
OL5,435,,
OL5,436,,
OL5,437,,
OL5,438,,
OL5,439,,
OL5,440,,
OL5,441,1,1
OL5,442,,
OL5,443,,
OL5,444,,
OL5,445,,
OL5,446,,
OL5,447,,
OL5,448,,
OL5,449,,
OL5,450,,
OL5,451,,
OL5,452,,
OL5,453,,
OL5,454,,
OL5,455,,
OL5,456,,
OL5,457,,
OL5,458,,
OL5,459,,
OL5,460,,
OL5,461,,
OL5,462,,
OL5,463,,
OL5,464,,
OL5,465,,
OL5,466,,
OL5,467,,
OL5,468,,
OL5,469,,
OL5,470,,
OL5,471,,
OL5,472,,
OL5,473,,
OL5,474,,
OL5,475,,
OL5,476,,
OL5,477,,
OL5,478,,
OL5,479,,
OL5,480,,
OL5,481,1,1
OL5,482,,
OL5,483,,
OL5,484,,
OL5,485,,
OL5,486,,
OL5,487,,
OL5,488,,
OL5,489,,
OL5,490,,
OL5,491,,
OL5,492,,
OL5,493,,
OL5,494,,
OL5,495,,
OL5,496,,
OL5,497,,
OL5,498,,
OL5,499,,
OL5,500,,
OL5,501,,
OL5,502,,
OL5,503,,
OL5,504,,
OL5,505,,
OL5,506,,
OL5,507,,
OL5,508,,
OL5,509,,
OL5,510,,
OL5,511,,
OL5,512,,
OL5,513,,
OL5,514,,
OL5,515,,
OL5,516,,
OL5,517,,
OL5,518,,
OL5,519,,
OL5,520,,
OL5,521,1,1
OL5,522,,
OL5,523,,
OL5,524,,
OL5,525,,
OL5,526,,
OL5,527,,
OL5,528,,
OL5,529,,
OL5,530,,
OL5,531,,
OL5,532,,
OL5,533,,
OL5,534,,
OL5,535,,
OL5,536,,
OL5,537,,
OL5,538,,
OL5,539,,
OL5,540,,
OL5,541,,
OL5,542,,
OL5,543,,
OL5,544,,
OL5,545,,
OL5,546,,
OL5,547,,
OL5,548,,
OL5,549,,
OL5,550,,
OL5,551,,
OL5,552,,
OL5,553,,
OL5,554,,
OL5,555,,
OL5,556,,
OL5,557,,
OL5,558,,
OL5,559,,
OL5,560,,
OL5,561,1,1
OL5,562,,
OL5,563,,
OL5,564,,
OL5,565,,
OL5,566,,
OL5,567,,
OL5,568,,
OL5,569,,
OL5,570,,
OL5,571,,
OL5,572,,
OL5,573,,
OL5,574,,
OL5,575,,
OL5,576,,
OL5,577,,
OL5,578,,
OL5,579,,
OL5,580,,
OL5,581,,
OL5,582,,
OL5,583,,
OL5,584,,
OL5,585,,
OL5,586,,
OL5,587,,
OL5,588,,
OL5,589,,
OL5,590,,
OL5,591,,
OL5,592,,
OL5,593,,
OL5,594,,
OL5,595,,
OL5,596,,
OL5,597,,
OL5,598,,
OL5,599,,
OL5,600,,
OL5,601,1,1
OL5,602,,
OL5,603,,
OL5,604,,
OL5,605,,
OL5,606,,
OL5,607,,
OL5,608,,
OL5,609,,
OL5,610,,
OL5,611,,
OL5,612,,
OL5,613,,
OL5,614,,
OL5,615,,
OL5,616,,
OL5,617,,
OL5,618,,
OL5,619,,
OL5,620,,
OL5,621,,
OL5,622,,
OL5,623,,
OL5,624,,
OL5,625,,
OL5,626,,
OL5,627,,
OL5,628,,
OL5,629,,
OL5,630,,
OL5,631,,
OL5,632,,
OL5,633,,
OL5,634,,
OL5,635,,
OL5,636,,
OL5,637,,
OL5,638,,
OL5,639,,
OL5,640,,
OL5,641,1,1
OL5,642,,
OL5,643,,
OL5,644,,
OL5,645,,
OL5,646,,
OL5,647,,
OL5,648,,
OL5,649,,
OL5,650,,
OL5,651,,
OL5,652,,
OL5,653,,
OL5,654,,
OL5,655,,
OL5,656,,
OL5,657,,
OL5,658,,
OL5,659,,
OL5,660,,
OL5,661,,
OL5,662,,
OL5,663,,
OL5,664,,
OL5,665,,
OL5,666,,
OL5,667,,
OL5,668,,
OL5,669,,
OL5,670,,
OL5,671,,
OL5,672,,
OL5,673,,
OL5,674,,
OL5,675,,
OL5,676,,
OL5,677,,
OL5,678,,
OL5,679,,
OL5,680,,
OL5,681,1,1
OL5,682,,
OL5,683,,
OL5,684,,
OL5,685,,
OL5,686,,
OL5,687,,
OL5,688,,
OL5,689,,
OL5,690,,
OL5,691,,
OL5,692,,
OL5,693,,
OL5,694,,
OL5,695,,
OL5,696,,
OL5,697,,
OL5,698,,
OL5,699,,
OL5,700,,
OL5,701,,
OL5,702,,
OL5,703,,
OL5,704,,
OL5,705,,
OL5,706,,
OL5,707,,
OL5,708,,
OL5,709,,
OL5,710,,
OL5,711,,
OL5,712,,
OL5,713,,
OL5,714,,
OL5,715,,
OL5,716,,
OL5,717,,
OL5,718,,
OL5,719,,
OL5,720,,
OL5,721,1,1
OL5,722,,
OL5,723,,
OL5,724,,
OL5,725,,
OL5,726,,
OL5,727,,
OL5,728,,
OL5,729,,
OL5,730,,
OL5,731,,
OL5,732,,
OL5,733,,
OL5,734,,
OL5,735,,
OL5,736,,
OL5,737,,
OL5,738,,
OL5,739,,
OL5,740,,
OL5,741,,
OL5,742,,
OL5,743,,
OL5,744,,
OL5,745,,
OL5,746,,
OL5,747,,
OL5,748,,
OL5,749,,
OL5,750,,
OL5,751,,
OL5,752,,
OL5,753,,
OL5,754,,
OL5,755,,
OL5,756,,
OL5,757,,
OL5,758,,
OL5,759,,
OL5,760,,
OL5,761,1,1
OL5,762,,
OL5,763,,
OL5,764,,
OL5,765,,
OL5,766,,
OL5,767,,
OL5,768,,
OL5,769,,
OL5,770,,
OL5,771,,
OL5,772,,
OL5,773,,
OL5,774,,
OL5,775,,
OL5,776,,
OL5,777,,
OL5,778,,
OL5,779,,
OL5,780,,
OL5,781,,
OL5,782,,
OL5,783,,
OL5,784,,
OL5,785,,
OL5,786,,
OL5,787,,
OL5,788,,
OL5,789,,
OL5,790,,
OL5,791,,
OL5,792,,
OL5,793,,
OL5,794,,
OL5,795,,
OL5,796,,
OL5,797,,
OL5,798,,
OL5,799,,
OL5,800,,
OL5,801,1,1
OL5,802,,
OL5,803,,
OL5,804,,
OL5,805,,
OL5,806,,
OL5,807,,
OL5,808,,
OL5,809,,
OL5,810,,
OL5,811,,
OL5,812,,
OL5,813,,
OL5,814,,
OL5,815,,
OL5,816,,
OL5,817,,
OL5,818,,
OL5,819,,
OL5,820,,
OL5,821,,
OL5,822,,
OL5,823,,
OL5,824,,
OL5,825,,
OL5,826,,
OL5,827,,
OL5,828,,
OL5,829,,
OL5,830,,
OL5,831,,
OL5,832,,
OL5,833,,
OL5,834,,
OL5,835,,
OL5,836,,
OL5,837,,
OL5,838,,
OL5,839,,
OL5,840,,
OL5,841,1,1
OL5,842,,
OL5,843,,
OL5,844,,
OL5,845,,
OL5,846,,
OL5,847,,
OL5,848,,
OL5,849,,
OL5,850,,
OL5,851,,
OL5,852,,
OL5,853,,
OL5,854,,
OL5,855,,
OL5,856,,
OL5,857,,
OL5,858,,
OL5,859,,
OL5,860,,
OL5,861,,
OL5,862,,
OL5,863,,
OL5,864,,
OL5,865,,
OL5,866,,
OL5,867,,
OL5,868,,
OL5,869,,
OL5,870,,
OL5,871,,
OL5,872,,
OL5,873,,
OL5,874,,
OL5,875,,
OL5,876,,
OL5,877,,
OL5,878,,
OL5,879,,
OL5,880,,
OL5,881,1,1
OL5,882,,
OL5,883,,
OL5,884,,
OL5,885,,
OL5,886,,
OL5,887,,
OL5,888,,
OL5,889,,
OL5,890,,
OL5,891,,
OL5,892,,
OL5,893,,
OL5,894,,
OL5,895,,
OL5,896,,
OL5,897,,
OL5,898,,
OL5,899,,
OL5,900,,
OL5,901,,
OL5,902,,
OL5,903,,
OL5,904,,
OL5,905,,
OL5,906,,
OL5,907,,
OL5,908,,
OL5,909,,
OL5,910,,
OL5,911,,
OL5,912,,
OL5,913,,
OL5,914,,
OL5,915,,
OL5,916,,
OL5,917,,
OL5,918,,
OL5,919,,
OL5,920,,
OL5,921,1,1
OL5,922,,
OL5,923,,
OL5,924,,
OL5,925,,
OL5,926,,
OL5,927,,
OL5,928,,
OL5,929,,
OL5,930,,
OL5,931,,
OL5,932,,
OL5,933,,
OL5,934,,
OL5,935,,
OL5,936,,
OL5,937,,
OL5,938,,
OL5,939,,
OL5,940,,
OL5,941,,
OL5,942,,
OL5,943,,
OL5,944,,
OL5,945,,
OL5,946,,
OL5,947,,
OL5,948,,
OL5,949,,
OL5,950,,
OL5,951,,
OL5,952,,
OL5,953,,
OL5,954,,
OL5,955,,
OL5,956,,
OL5,957,,
OL5,958,,
OL5,959,,
OL5,960,,
