Plot,Column,Line,ID
OL4,"1","1","1"
OL4,,"2","2"
OL4,,"3","3"
OL4,,"4","4"
OL4,,"5","5"
OL4,,"6","6"
OL4,,,"7"
OL4,,,"8"
OL4,,,"9"
OL4,,,"10"
OL4,,,"11"
OL4,,,"12"
OL4,,,"13"
OL4,,,"14"
OL4,,,"15"
OL4,,,"16"
OL4,,,"17"
OL4,,,"18"
OL4,,,"19"
OL4,,,"20"
OL4,,,"21"
OL4,,,"22"
OL4,,,"23"
OL4,,,"24"
OL4,,,"25"
OL4,,,"26"
OL4,,,"27"
OL4,,,"28"
OL4,,,"29"
OL4,,,"30"
OL4,,,"31"
OL4,,,"32"
OL4,,,"33"
OL4,,,"34"
OL4,,,"35"
OL4,,,"36"
OL4,,,"37"
OL4,,,"38"
OL4,,,"39"
OL4,,,"40"
OL4,,,"41"
OL4,,,"42"
OL4,,,"43"
OL4,,,"44"
OL4,,,"45"
OL4,,,"46"
OL4,,,"47"
OL4,,,"48"
OL4,,,"49"
OL4,,,"50"
OL4,,,"51"
OL4,,,"52"
OL4,,,"53"
OL4,,,"54"
OL4,,,"55"
OL4,,,"56"
OL4,,,"57"
OL4,,,"58"
OL4,,,"59"
OL4,,,"60"
OL4,,,"61"
OL4,,,"62"
OL4,,,"63"
OL4,,,"64"
OL4,,,"65"
OL4,,,"66"
OL4,,,"67"
OL4,,,"68"
OL4,,,"69"
OL4,,,"70"
OL4,,,"71"
OL4,,,"72"
OL4,,,"73"
OL4,,,"74"
OL4,,,"75"
OL4,,,"76"
OL4,,,"77"
OL4,,,"78"
OL4,,,"79"
OL4,,,"80"
OL4,,,"81"
OL4,,,"82"
OL4,,,"83"
OL4,,,"84"
OL4,,,"85"
OL4,,,"86"
OL4,,,"87"
OL4,,,"88"
OL4,,,"89"
OL4,,,"90"
OL4,,,"91"
OL4,,,"92"
OL4,,,"93"
OL4,,,"94"
OL4,,,"95"
OL4,,,"96"
OL4,,,"97"
OL4,,,"98"
OL4,,,"99"
OL4,,,"100"
OL4,,,"101"
OL4,,,"102"
OL4,,,"103"
OL4,,,"104"
OL4,,,"105"
OL4,,,"106"
OL4,,,"107"
OL4,,,"108"
OL4,,,"109"
OL4,,,"110"
OL4,,,"111"
OL4,,,"112"
OL4,,,"113"
OL4,,,"114"
OL4,,,"115"
OL4,,,"116"
OL4,,,"117"
OL4,,,"118"
OL4,,,"119"
OL4,,,"120"
OL4,,,"121"
OL4,,,"122"
OL4,,,"123"
OL4,,,"124"
OL4,,,"125"
OL4,,,"126"
OL4,,,"127"
OL4,,,"128"
OL4,,,"129"
OL4,,,"130"
OL4,,,"131"
OL4,,,"132"
OL4,,,"133"
OL4,,,"134"
OL4,,,"135"
OL4,,,"136"
OL4,,,"137"
OL4,,,"138"
OL4,,,"139"
OL4,,,"140"
OL4,,,"141"
OL4,,,"142"
OL4,,,"143"
OL4,,,"144"
OL4,,,"145"
OL4,,,"146"
OL4,,,"147"
OL4,,,"148"
OL4,,,"149"
OL4,,,"150"
OL4,,,"151"
OL4,,,"152"
OL4,,,"153"
OL4,,,"154"
OL4,,,"155"
OL4,,,"156"
OL4,,,"157"
OL4,,,"158"
OL4,,,"159"
OL4,,,"160"
OL4,,,"161"
OL4,,,"162"
OL4,,,"163"
OL4,,,"164"
OL4,,,"165"
OL4,,,"166"
OL4,,,"167"
OL4,,,"168"
OL4,,,"169"
OL4,,,"170"
OL4,,,"171"
OL4,,,"172"
OL4,,,"173"
OL4,,,"174"
OL4,,,"175"
OL4,,,"176"
OL4,,,"177"
OL4,,,"178"
OL4,,,"179"
OL4,,,"180"
OL4,,,"181"
OL4,,,"182"
OL4,,,"183"
OL4,,,"184"
OL4,,,"185"
OL4,,,"186"
OL4,,,"187"
OL4,,,"188"
OL4,,,"189"
OL4,,,"190"
OL4,,,"191"
OL4,,,"192"
OL4,,,"193"
OL4,,,"194"
OL4,,,"195"
OL4,,,"196"
OL4,,,"197"
OL4,,,"198"
OL4,,,"199"
OL4,,,"200"
OL4,,,"201"
OL4,,,"202"
OL4,,,"203"
OL4,,,"204"
OL4,,,"205"
OL4,,,"206"
OL4,,,"207"
OL4,,,"208"
OL4,,,"209"
OL4,,,"210"
OL4,,,"211"
OL4,,,"212"
OL4,,,"213"
OL4,,,"214"
OL4,,,"215"
OL4,,,"216"
OL4,,,"217"
OL4,,,"218"
OL4,,,"219"
OL4,,,"220"
OL4,,,"221"
OL4,,,"222"
OL4,,,"223"
OL4,,,"224"
OL4,,,"225"
OL4,,,"226"
OL4,,,"227"
OL4,,,"228"
OL4,,,"229"
OL4,,,"230"
OL4,,,"231"
OL4,,,"232"
OL4,,,"233"
OL4,,,"234"
OL4,,,"235"
OL4,,,"236"
OL4,,,"237"
OL4,,,"238"
OL4,,,"239"
OL4,,,"240"
OL4,,,"241"
OL4,,,"242"
OL4,,,"243"
OL4,,,"244"
OL4,,,"245"
OL4,,,"246"
OL4,,,"247"
OL4,,,"248"
OL4,,,"249"
OL4,,,"250"
OL4,,,"251"
OL4,,,"252"
OL4,,,"253"
OL4,,,"254"
OL4,,,"255"
OL4,,,"256"
OL4,,,"257"
OL4,,,"258"
OL4,,,"259"
OL4,,,"260"
OL4,,,"261"
OL4,,,"262"
OL4,,,"263"
OL4,,,"264"
OL4,,,"265"
OL4,,,"266"
OL4,,,"267"
OL4,,,"268"
OL4,,,"269"
OL4,,,"270"
OL4,,,"271"
OL4,,,"272"
OL4,,,"273"
OL4,,,"274"
OL4,,,"275"
OL4,,,"276"
OL4,,,"277"
OL4,,,"278"
OL4,,,"279"
OL4,,,"280"
OL4,,,"281"
OL4,,,"282"
OL4,,,"283"
OL4,,,"284"
OL4,,,"285"
OL4,,,"286"
OL4,,,"287"
OL4,,,"288"
OL4,,,"289"
OL4,,,"290"
OL4,,,"291"
OL4,,,"292"
OL4,,,"293"
OL4,,,"294"
OL4,,,"295"
OL4,,,"296"
OL4,,,"297"
OL4,,,"298"
OL4,,,"299"
OL4,,,"300"
OL4,,,"301"
OL4,,,"302"
OL4,,,"303"
OL4,,,"304"
OL4,,,"305"
OL4,,,"306"
OL4,,,"307"
OL4,,,"308"
OL4,,,"309"
OL4,,,"310"
OL4,,,"311"
OL4,,,"312"
OL4,,,"313"
OL4,,,"314"
OL4,,,"315"
OL4,,,"316"
OL4,,,"317"
OL4,,,"318"
OL4,,,"319"
OL4,,,"320"
OL4,,,"321"
OL4,,,"322"
OL4,,,"323"
OL4,,,"324"
OL4,,,"325"
OL4,,,"326"
OL4,,,"327"
OL4,,,"328"
OL4,,,"329"
OL4,,,"330"
OL4,,,"331"
OL4,,,"332"
OL4,,,"333"
OL4,,,"334"
OL4,,,"335"
OL4,,,"336"
OL4,,,"337"
OL4,,,"338"
OL4,,,"339"
OL4,,,"340"
OL4,,,"341"
OL4,,,"342"
OL4,,,"343"
OL4,,,"344"
OL4,,,"345"
OL4,,,"346"
OL4,,,"347"
OL4,,,"348"
OL4,,,"349"
OL4,,,"350"
OL4,,,"351"
OL4,,,"352"
OL4,,,"353"
OL4,,,"354"
OL4,,,"355"
OL4,,,"356"
OL4,,,"357"
OL4,,,"358"
OL4,,,"359"
OL4,,,"360"
OL4,,,"361"
OL4,,,"362"
OL4,,,"363"
OL4,,,"364"
OL4,,,"365"
OL4,,,"366"
OL4,,,"367"
OL4,,,"368"
OL4,,,"369"
OL4,,,"370"
OL4,,,"371"
OL4,,,"372"
OL4,,,"373"
OL4,,,"374"
OL4,,,"375"
OL4,,,"376"
OL4,,,"377"
OL4,,,"378"
OL4,,,"379"
OL4,,,"380"
OL4,,,"381"
OL4,,,"382"
OL4,,,"383"
OL4,,,"384"
OL4,,,"385"
OL4,,,"386"
OL4,,,"387"
OL4,,,"388"
OL4,,,"389"
OL4,,,"390"
OL4,,,"391"
OL4,,,"392"
OL4,,,"393"
OL4,,,"394"
OL4,,,"395"
OL4,,,"396"
OL4,,,"397"
OL4,,,"398"
OL4,,,"399"
OL4,,,"400"
OL4,,,"401"
OL4,,,"402"
OL4,,,"403"
OL4,,,"404"
OL4,,,"405"
OL4,,,"406"
OL4,,,"407"
OL4,,,"408"
OL4,,,"409"
OL4,,,"410"
OL4,,,"411"
OL4,,,"412"
OL4,,,"413"
OL4,,,"414"
OL4,,,"415"
OL4,,,"416"
OL4,,,"417"
OL4,,,"418"
OL4,,,"419"
OL4,,,"420"
OL4,,,"421"
OL4,,,"422"
OL4,,,"423"
OL4,,,"424"
OL4,,,"425"
OL4,,,"426"
OL4,,,"427"
OL4,,,"428"
OL4,,,"429"
OL4,,,"430"
OL4,,,"431"
OL4,,,"432"
OL4,,,"433"
OL4,,,"434"
OL4,,,"435"
OL4,,,"436"
OL4,,,"437"
OL4,,,"438"
OL4,,,"439"
OL4,,,"440"
OL4,,,"441"
OL4,,,"442"
OL4,,,"443"
OL4,,,"444"
OL4,,,"445"
OL4,,,"446"
OL4,,,"447"
OL4,,,"448"
OL4,,,"449"
OL4,,,"450"
OL4,,,"451"
OL4,,,"452"
OL4,,,"453"
OL4,,,"454"
OL4,,,"455"
OL4,,,"456"
OL4,,,"457"
OL4,,,"458"
OL4,,,"459"
OL4,,,"460"
OL4,,,"461"
OL4,,,"462"
OL4,,,"463"
OL4,,,"464"
OL4,,,"465"
OL4,,,"466"
OL4,,,"467"
OL4,,,"468"
OL4,,,"469"
OL4,,,"470"
OL4,,,"471"
OL4,,,"472"
OL4,,,"473"
OL4,,,"474"
OL4,,,"475"
OL4,,,"476"
OL4,,,"477"
OL4,,,"478"
OL4,,,"479"
OL4,,,"480"
OL4,,,"481"
OL4,,,"482"
OL4,,,"483"
OL4,,,"484"
OL4,,,"485"
OL4,,,"486"
OL4,,,"487"
OL4,,,"488"
OL4,,,"489"
OL4,,,"490"
OL4,,,"491"
OL4,,,"492"
OL4,,,"493"
OL4,,,"494"
OL4,,,"495"
OL4,,,"496"
OL4,,,"497"
OL4,,,"498"
OL4,,,"499"
OL4,,,"500"
OL4,,,"501"
OL4,,,"502"
OL4,,,"503"
OL4,,,"504"
OL4,,,"505"
OL4,,,"506"
OL4,,,"507"
OL4,,,"508"
OL4,,,"509"
OL4,,,"510"
OL4,,,"511"
OL4,,,"512"
OL4,,,"513"
OL4,,,"514"
OL4,,,"515"
OL4,,,"516"
OL4,,,"517"
OL4,,,"518"
OL4,,,"519"
OL4,,,"520"
OL4,,,"521"
OL4,,,"522"
OL4,,,"523"
OL4,,,"524"
OL4,,,"525"
OL4,,,"526"
OL4,,,"527"
OL4,,,"528"
OL4,,,"529"
OL4,,,"530"
OL4,,,"531"
OL4,,,"532"
OL4,,,"533"
OL4,,,"534"
OL4,,,"535"
OL4,,,"536"
OL4,,,"537"
OL4,,,"538"
OL4,,,"539"
OL4,,,"540"
OL4,,,"541"
OL4,,,"542"
OL4,,,"543"
OL4,,,"544"
OL4,,,"545"
OL4,,,"546"
OL4,,,"547"
OL4,,,"548"
OL4,,,"549"
OL4,,,"550"
OL4,,,"551"
OL4,,,"552"
OL4,,,"553"
OL4,,,"554"
OL4,,,"555"
OL4,,,"556"
OL4,,,"557"
OL4,,,"558"
OL4,,,"559"
OL4,,,"560"
OL4,,,"561"
OL4,,,"562"
OL4,,,"563"
OL4,,,"564"
OL4,,,"565"
OL4,,,"566"
OL4,,,"567"
OL4,,,"568"
OL4,,,"569"
OL4,,,"570"
OL4,,,"571"
OL4,,,"572"
OL4,,,"573"
OL4,,,"574"
OL4,,,"575"
OL4,,,"576"
OL4,,,"577"
OL4,,,"578"
OL4,,,"579"
OL4,,,"580"
OL4,,,"581"
OL4,,,"582"
OL4,,,"583"
OL4,,,"584"
OL4,,,"585"
OL4,,,"586"
OL4,,,"587"
OL4,,,"588"
OL4,,,"589"
OL4,,,"590"
OL4,,,"591"
OL4,,,"592"
OL4,,,"593"
OL4,,,"594"
OL4,,,"595"
OL4,,,"596"
OL4,,,"597"
OL4,,,"598"
OL4,,,"599"
OL4,,,"600"
OL4,,,"601"
OL4,,,"602"
OL4,,,"603"
OL4,,,"604"
OL4,,,"605"
OL4,,,"606"
OL4,,,"607"
OL4,,,"608"
OL4,,,"609"
OL4,,,"610"
OL4,,,"611"
OL4,,,"612"
OL4,,,"613"
OL4,,,"614"
OL4,,,"615"
OL4,,,"616"
OL4,,,"617"
OL4,,,"618"
OL4,,,"619"
OL4,,,"620"
OL4,,,"621"
OL4,,,"622"
OL4,,,"623"
OL4,,,"624"
OL4,,,"625"
OL4,,,"626"
OL4,,,"627"
OL4,,,"628"
OL4,,,"629"
OL4,,,"630"
OL4,,,"631"
OL4,,,"632"
OL4,,,"633"
OL4,,,"634"
OL4,,,"635"
OL4,,,"636"
OL4,,,"637"
OL4,,,"638"
OL4,,,"639"
OL4,,,"640"
OL4,,,"641"
OL4,,,"642"
OL4,,,"643"
OL4,,,"644"
OL4,,,"645"
OL4,,,"646"
OL4,,,"647"
OL4,,,"648"
OL4,,,"649"
OL4,,,"650"
OL4,,,"651"
OL4,,,"652"
OL4,,,"653"
OL4,,,"654"
OL4,,,"655"
OL4,,,"656"
OL4,,,"657"
OL4,,,"658"
OL4,,,"659"
OL4,,,"660"
OL4,,,"661"
OL4,,,"662"
OL4,,,"663"
OL4,,,"664"
OL4,,,"665"
OL4,,,"666"
OL4,,,"667"
OL4,,,"668"
OL4,,,"669"
OL4,,,"670"
OL4,,,"671"
OL4,,,"672"
OL4,,,"673"
OL4,,,"674"
OL4,,,"675"
OL4,,,"676"
OL4,,,"677"
OL4,,,"678"
OL4,,,"679"
OL4,,,"680"
OL4,,,"681"
OL4,,,"682"
OL4,,,"683"
OL4,,,"684"
OL4,,,"685"
OL4,,,"686"
OL4,,,"687"
OL4,,,"688"
OL4,,,"689"
OL4,,,"690"
OL4,,,"691"
OL4,,,"692"
OL4,,,"693"
OL4,,,"694"
OL4,,,"695"
OL4,,,"696"
OL4,,,"697"
OL4,,,"698"
OL4,,,"699"
OL4,,,"700"
OL4,,,"701"
OL4,,,"702"
OL4,,,"703"
OL4,,,"704"
OL4,,,"705"
OL4,,,"706"
OL4,,,"707"
OL4,,,"708"
OL4,,,"709"
OL4,,,"710"
OL4,,,"711"
OL4,,,"712"
OL4,,,"713"
OL4,,,"714"
OL4,,,"715"
OL4,,,"716"
OL4,,,"717"
OL4,,,"718"
OL4,,,"719"
OL4,,,"720"
OL4,,,"721"
OL4,,,"722"
OL4,,,"723"
OL4,,,"724"
OL4,,,"725"
OL4,,,"726"
OL4,,,"727"
OL4,,,"728"
OL4,,,"729"
OL4,,,"730"
OL4,,,"731"
OL4,,,"732"
OL4,,,"733"
OL4,,,"734"
OL4,,,"735"
OL4,,,"736"
OL4,,,"737"
OL4,,,"738"
OL4,,,"739"
OL4,,,"740"
OL4,,,"741"
OL4,,,"742"
OL4,,,"743"
OL4,,,"744"
OL4,,,"745"
OL4,,,"746"
OL4,,,"747"
OL4,,,"748"
OL4,,,"749"
OL4,,,"750"
OL4,,,"751"
OL4,,,"752"
OL4,,,"753"
OL4,,,"754"
OL4,,,"755"
OL4,,,"756"
OL4,,,"757"
OL4,,,"758"
OL4,,,"759"
OL4,,,"760"
OL4,,,"761"
OL4,,,"762"
OL4,,,"763"
OL4,,,"764"
OL4,,,"765"
OL4,,,"766"
OL4,,,"767"
OL4,,,"768"
OL4,,,"769"
OL4,,,"770"
OL4,,,"771"
OL4,,,"772"
OL4,,,"773"
OL4,,,"774"
OL4,,,"775"
OL4,,,"776"
OL4,,,"777"
OL4,,,"778"
OL4,,,"779"
OL4,,,"780"
OL4,,,"781"
OL4,,,"782"
OL4,,,"783"
OL4,,,"784"
OL4,,,"785"
OL4,,,"786"
OL4,,,"787"
OL4,,,"788"
OL4,,,"789"
OL4,,,"790"
OL4,,,"791"
OL4,,,"792"
OL4,,,"793"
OL4,,,"794"
OL4,,,"795"
OL4,,,"796"
OL4,,,"797"
OL4,,,"798"
OL4,,,"799"
OL4,,,"800"
OL4,,,"801"
OL4,,,"802"
OL4,,,"803"
OL4,,,"804"
OL4,,,"805"
OL4,,,"806"
OL4,,,"807"
OL4,,,"808"
OL4,,,"809"
OL4,,,"810"
OL4,,,"811"
OL4,,,"812"
OL4,,,"813"
OL4,,,"814"
OL4,,,"815"
OL4,,,"816"
OL4,,,"817"
OL4,,,"818"
OL4,,,"819"
OL4,,,"820"
OL4,,,"821"
OL4,,,"822"
OL4,,,"823"
OL4,,,"824"
OL4,,,"825"
OL4,,,"826"
OL4,,,"827"
OL4,,,"828"
OL4,,,"829"
OL4,,,"830"
OL4,,,"831"
OL4,,,"832"
OL4,,,"833"
OL4,,,"834"
OL4,,,"835"
OL4,,,"836"
OL4,,,"837"
OL4,,,"838"
OL4,,,"839"
OL4,,,"840"
OL4,,,"841"
OL4,,,"842"
OL4,,,"843"
OL4,,,"844"
OL4,,,"845"
OL4,,,"846"
OL4,,,"847"
OL4,,,"848"
OL4,,,"849"
OL4,,,"850"
OL4,,,"851"
OL4,,,"852"
OL4,,,"853"
OL4,,,"854"
OL4,,,"855"
OL4,,,"856"
OL4,,,"857"
OL4,,,"858"
OL4,,,"859"
OL4,,,"860"
OL4,,,"861"
OL4,,,"862"
OL4,,,"863"
OL4,,,"864"
OL4,,,"865"
OL4,,,"866"
OL4,,,"867"
OL4,,,"868"
OL4,,,"869"
OL4,,,"870"
OL4,,,"871"
OL4,,,"872"
OL4,,,"873"
OL4,,,"874"
OL4,,,"875"
OL4,,,"876"
OL4,,,"877"
OL4,,,"878"
OL4,,,"879"
OL4,,,"880"
OL4,,,"881"
OL4,,,"882"
OL4,,,"883"
OL4,,,"884"
OL4,,,"885"
OL4,,,"886"
OL4,,,"887"
OL4,,,"888"
OL4,,,"889"
OL4,,,"890"
OL4,,,"891"
OL4,,,"892"
OL4,,,"893"
OL4,,,"894"
OL4,,,"895"
OL4,,,"896"
OL4,,,"897"
OL4,,,"898"
OL4,,,"899"
OL4,,,"900"
OL4,,,"901"
OL4,,,"902"
OL4,,,"903"
OL4,,,"904"
OL4,,,"905"
OL4,,,"906"
OL4,,,"907"
OL4,,,"908"
OL4,,,"909"
OL4,,,"910"
OL4,,,"911"
OL4,,,"912"
OL4,,,"913"
OL4,,,"914"
OL4,,,"915"
OL4,,,"916"
OL4,,,"917"
OL4,,,"918"
OL4,,,"919"
OL4,,,"920"
OL4,,,"921"
OL4,,,"922"
OL4,,,"923"
OL4,,,"924"
OL4,,,"925"
OL4,,,"926"
OL4,,,"927"
OL4,,,"928"
OL4,,,"929"
OL4,,,"930"
OL4,,,"931"
OL4,,,"932"
OL4,,,"933"
OL4,,,"934"
OL4,,,"935"
OL4,,,"936"
OL4,,,"937"
OL4,,,"938"
OL4,,,"939"
OL4,,,"940"
OL4,,,"941"
OL4,,,"942"
OL4,,,"943"
OL4,,,"944"
OL4,,,"945"
OL4,,,"946"
OL4,,,"947"
OL4,,,"948"
OL4,,,"949"
OL4,,,"950"
OL4,,,"951"
OL4,,,"952"
OL4,,,"953"
OL4,,,"954"
OL4,,,"955"
OL4,,,"956"
OL4,,,"957"
OL4,,,"958"
OL4,,,"959"
OL4,,,"960"
OL4,,,"961"
OL4,,,"962"
OL4,,,"963"
OL4,,,"964"
OL4,,,"965"
OL4,,,"966"
OL4,,,"967"
OL4,,,"968"
OL4,,,"969"
OL4,,,"970"
OL4,,,"971"
OL4,,,"972"
OL4,,,"973"
OL4,,,"974"
OL4,,,"975"
OL4,,,"976"
OL4,,,"977"
OL4,,,"978"
OL4,,,"979"
OL4,,,"980"
OL4,,,"981"
OL4,,,"982"
OL4,,,"983"
OL4,,,"984"
OL4,,,"985"
OL4,,,"986"
OL4,,,"987"
OL4,,,"988"
OL4,,,"989"
OL4,,,"990"
OL4,,,"991"
OL4,,,"992"
OL4,,,"993"
OL4,,,"994"
OL4,,,"995"
OL4,,,"996"
OL4,,,"997"
OL4,,,"998"
OL4,,,"999"
